filename,label
DataSet/yes/db8a3397_nohash_2.wav,yes
DataSet/yes/63f7a489_nohash_0.wav,yes
DataSet/yes/c6ee87a7_nohash_1.wav,yes
DataSet/yes/e7ea8b76_nohash_2.wav,yes
DataSet/yes/6c429c7b_nohash_2.wav,yes
DataSet/yes/0bd689d7_nohash_0.wav,yes
DataSet/yes/422d3197_nohash_0.wav,yes
DataSet/yes/fa52ddf6_nohash_2.wav,yes
DataSet/yes/87c62767_nohash_0.wav,yes
DataSet/yes/8134f43f_nohash_1.wav,yes
DataSet/yes/6846af18_nohash_0.wav,yes
DataSet/yes/ef77b778_nohash_4.wav,yes
DataSet/yes/cc6ee39b_nohash_4.wav,yes
DataSet/yes/d98dd124_nohash_4.wav,yes
DataSet/yes/4f256313_nohash_0.wav,yes
DataSet/yes/fac74f6a_nohash_2.wav,yes
DataSet/yes/7f74626f_nohash_2.wav,yes
DataSet/yes/5f8097e1_nohash_0.wav,yes
DataSet/yes/9b8a7439_nohash_1.wav,yes
DataSet/yes/e882abb2_nohash_1.wav,yes
DataSet/yes/ec989d6d_nohash_1.wav,yes
DataSet/yes/38d78313_nohash_2.wav,yes
DataSet/yes/86402da1_nohash_2.wav,yes
DataSet/yes/24cab2cb_nohash_0.wav,yes
DataSet/yes/48bfde8e_nohash_1.wav,yes
DataSet/yes/25132942_nohash_0.wav,yes
DataSet/yes/c633a455_nohash_1.wav,yes
DataSet/yes/1a994c9f_nohash_0.wav,yes
DataSet/yes/a6285644_nohash_0.wav,yes
DataSet/yes/ceef6d96_nohash_2.wav,yes
DataSet/yes/3efa7ec4_nohash_0.wav,yes
DataSet/yes/ffd2ba2f_nohash_4.wav,yes
DataSet/yes/ed032775_nohash_0.wav,yes
DataSet/yes/8e523821_nohash_3.wav,yes
DataSet/yes/ff0e27c3_nohash_0.wav,yes
DataSet/yes/bb6d4301_nohash_2.wav,yes
DataSet/yes/d264f7b6_nohash_2.wav,yes
DataSet/yes/a0f93943_nohash_0.wav,yes
DataSet/yes/eb0676ec_nohash_4.wav,yes
DataSet/yes/26b28ea7_nohash_1.wav,yes
DataSet/yes/51055bda_nohash_2.wav,yes
DataSet/yes/1b18600d_nohash_0.wav,yes
DataSet/yes/c120e80e_nohash_0.wav,yes
DataSet/yes/14c7b073_nohash_4.wav,yes
DataSet/yes/ea0cf37f_nohash_1.wav,yes
DataSet/yes/ddedba85_nohash_13.wav,yes
DataSet/yes/b69002d4_nohash_3.wav,yes
DataSet/yes/55d3725a_nohash_1.wav,yes
DataSet/yes/7e1054e7_nohash_1.wav,yes
DataSet/yes/96a48d28_nohash_0.wav,yes
DataSet/yes/1b4c9b89_nohash_1.wav,yes
DataSet/yes/5e3dde6b_nohash_3.wav,yes
DataSet/yes/712e4d58_nohash_2.wav,yes
DataSet/yes/51c5601d_nohash_3.wav,yes
DataSet/yes/a434d52e_nohash_1.wav,yes
DataSet/yes/ab9b93e4_nohash_2.wav,yes
DataSet/yes/ee202358_nohash_1.wav,yes
DataSet/yes/3402e488_nohash_0.wav,yes
DataSet/yes/fa57ab3b_nohash_2.wav,yes
DataSet/yes/9448c397_nohash_4.wav,yes
DataSet/yes/7f74626f_nohash_3.wav,yes
DataSet/yes/72d75d96_nohash_0.wav,yes
DataSet/yes/e0c782d5_nohash_4.wav,yes
DataSet/yes/8a28231e_nohash_2.wav,yes
DataSet/yes/42a99aec_nohash_0.wav,yes
DataSet/yes/11860c84_nohash_1.wav,yes
DataSet/yes/d0faf7e4_nohash_6.wav,yes
DataSet/yes/efab2cbd_nohash_0.wav,yes
DataSet/yes/92a9c5e6_nohash_4.wav,yes
DataSet/yes/ef3367d9_nohash_0.wav,yes
DataSet/yes/042186b8_nohash_1.wav,yes
DataSet/yes/1a673010_nohash_0.wav,yes
DataSet/yes/be7a5b2d_nohash_3.wav,yes
DataSet/yes/da93deb7_nohash_1.wav,yes
DataSet/yes/66cbe2b3_nohash_0.wav,yes
DataSet/yes/bc196f81_nohash_0.wav,yes
DataSet/yes/d85270c1_nohash_0.wav,yes
DataSet/yes/ccb1266b_nohash_0.wav,yes
DataSet/yes/b41a92a3_nohash_0.wav,yes
DataSet/yes/a7acbbeb_nohash_0.wav,yes
DataSet/yes/00f0204f_nohash_1.wav,yes
DataSet/yes/a489191a_nohash_3.wav,yes
DataSet/yes/834f03fe_nohash_4.wav,yes
DataSet/yes/d962e5ac_nohash_1.wav,yes
DataSet/yes/e11fbc6e_nohash_4.wav,yes
DataSet/yes/56cd307a_nohash_1.wav,yes
DataSet/yes/3d794813_nohash_0.wav,yes
DataSet/yes/c120e80e_nohash_10.wav,yes
DataSet/yes/54aecbd5_nohash_0.wav,yes
DataSet/yes/bb05582b_nohash_1.wav,yes
DataSet/yes/e269bac0_nohash_1.wav,yes
DataSet/yes/11b1df78_nohash_1.wav,yes
DataSet/yes/31f01a8d_nohash_4.wav,yes
DataSet/yes/ef3367d9_nohash_5.wav,yes
DataSet/yes/97f4c236_nohash_4.wav,yes
DataSet/yes/39a45230_nohash_0.wav,yes
DataSet/yes/3c4aa5ef_nohash_3.wav,yes
DataSet/yes/d0858dce_nohash_0.wav,yes
DataSet/yes/fac74f6a_nohash_1.wav,yes
DataSet/yes/25e95412_nohash_0.wav,yes
DataSet/yes/d0745d72_nohash_0.wav,yes
DataSet/yes/91942e89_nohash_0.wav,yes
DataSet/yes/74241b28_nohash_0.wav,yes
DataSet/yes/197f4153_nohash_3.wav,yes
DataSet/yes/16d41d07_nohash_3.wav,yes
DataSet/yes/525eaa62_nohash_2.wav,yes
DataSet/yes/e4200516_nohash_2.wav,yes
DataSet/yes/8769c34c_nohash_0.wav,yes
DataSet/yes/f2e9b610_nohash_1.wav,yes
DataSet/yes/8281a2a8_nohash_0.wav,yes
DataSet/yes/1dc86f91_nohash_2.wav,yes
DataSet/yes/4e8c5516_nohash_0.wav,yes
DataSet/yes/93ec8b84_nohash_0.wav,yes
DataSet/yes/4c3cddb8_nohash_0.wav,yes
DataSet/yes/bbc30633_nohash_1.wav,yes
DataSet/yes/22296dbe_nohash_2.wav,yes
DataSet/yes/928cc2ef_nohash_0.wav,yes
DataSet/yes/56abe7dc_nohash_2.wav,yes
DataSet/yes/d3831f6a_nohash_1.wav,yes
DataSet/yes/f06190c1_nohash_0.wav,yes
DataSet/yes/90804775_nohash_0.wav,yes
DataSet/yes/3389305e_nohash_1.wav,yes
DataSet/yes/fa446c16_nohash_0.wav,yes
DataSet/yes/a16013b7_nohash_2.wav,yes
DataSet/yes/92521ccc_nohash_3.wav,yes
DataSet/yes/9c59dd28_nohash_1.wav,yes
DataSet/yes/4b25f620_nohash_1.wav,yes
DataSet/yes/73124b26_nohash_2.wav,yes
DataSet/yes/1993db46_nohash_0.wav,yes
DataSet/yes/9fac5701_nohash_4.wav,yes
DataSet/yes/ceaadb24_nohash_0.wav,yes
DataSet/yes/63f042c6_nohash_0.wav,yes
DataSet/yes/51f7a034_nohash_1.wav,yes
DataSet/yes/9a76f8c3_nohash_0.wav,yes
DataSet/yes/3ce4910e_nohash_2.wav,yes
DataSet/yes/4beff0c5_nohash_1.wav,yes
DataSet/yes/30276d03_nohash_4.wav,yes
DataSet/yes/31db232b_nohash_1.wav,yes
DataSet/yes/d5c41d6a_nohash_0.wav,yes
DataSet/yes/3108acca_nohash_1.wav,yes
DataSet/yes/0a196374_nohash_1.wav,yes
DataSet/yes/a4e8a997_nohash_0.wav,yes
DataSet/yes/fe11e258_nohash_0.wav,yes
DataSet/yes/aff582a1_nohash_3.wav,yes
DataSet/yes/4290ca61_nohash_1.wav,yes
DataSet/yes/7f74626f_nohash_1.wav,yes
DataSet/yes/144d27ff_nohash_1.wav,yes
DataSet/yes/195c120a_nohash_3.wav,yes
DataSet/yes/b5cf6ea8_nohash_4.wav,yes
DataSet/yes/c6ee87a7_nohash_0.wav,yes
DataSet/yes/234ab0fb_nohash_2.wav,yes
DataSet/yes/e49428d9_nohash_3.wav,yes
DataSet/yes/27c24504_nohash_2.wav,yes
DataSet/yes/f0659908_nohash_3.wav,yes
DataSet/yes/0ba018fc_nohash_0.wav,yes
DataSet/yes/db24628d_nohash_2.wav,yes
DataSet/yes/16d41d07_nohash_2.wav,yes
DataSet/yes/e9bc5cc2_nohash_3.wav,yes
DataSet/yes/b9db6e42_nohash_1.wav,yes
DataSet/yes/f0659908_nohash_1.wav,yes
DataSet/yes/d98dd124_nohash_2.wav,yes
DataSet/yes/90b0b91a_nohash_0.wav,yes
DataSet/yes/b69002d4_nohash_1.wav,yes
DataSet/yes/650daf8e_nohash_0.wav,yes
DataSet/yes/da584bc0_nohash_1.wav,yes
DataSet/yes/8b25410a_nohash_2.wav,yes
DataSet/yes/46a153d8_nohash_1.wav,yes
DataSet/yes/8a2d34d7_nohash_0.wav,yes
DataSet/yes/d278d8ef_nohash_3.wav,yes
DataSet/yes/3bfd30e6_nohash_2.wav,yes
DataSet/yes/ddedba85_nohash_1.wav,yes
DataSet/yes/377e916b_nohash_0.wav,yes
DataSet/yes/e95c70e2_nohash_0.wav,yes
DataSet/yes/b5cf6ea8_nohash_7.wav,yes
DataSet/yes/9db2bfe9_nohash_0.wav,yes
DataSet/yes/d8a5ace5_nohash_1.wav,yes
DataSet/yes/f68160c0_nohash_2.wav,yes
DataSet/yes/6c0f6493_nohash_2.wav,yes
DataSet/yes/9b027ecf_nohash_1.wav,yes
DataSet/yes/46a153d8_nohash_0.wav,yes
DataSet/yes/743edf9d_nohash_1.wav,yes
DataSet/yes/834f03fe_nohash_0.wav,yes
DataSet/yes/b0f5b16d_nohash_1.wav,yes
DataSet/yes/ac4b3fc3_nohash_0.wav,yes
DataSet/yes/b9f46737_nohash_3.wav,yes
DataSet/yes/ef3367d9_nohash_4.wav,yes
DataSet/yes/fe5c4a7a_nohash_0.wav,yes
DataSet/yes/cd85758f_nohash_2.wav,yes
DataSet/yes/5f5eef60_nohash_2.wav,yes
DataSet/yes/1746d7b6_nohash_0.wav,yes
DataSet/yes/54ad8f22_nohash_1.wav,yes
DataSet/yes/1ed0b13d_nohash_3.wav,yes
DataSet/yes/8134f43f_nohash_3.wav,yes
DataSet/yes/9c24bc76_nohash_1.wav,yes
DataSet/yes/a929f9b9_nohash_4.wav,yes
DataSet/yes/5705a0f9_nohash_1.wav,yes
DataSet/yes/db9cd41d_nohash_1.wav,yes
DataSet/yes/31f01a8d_nohash_1.wav,yes
DataSet/yes/3d3ddaf8_nohash_0.wav,yes
DataSet/yes/0474c92a_nohash_0.wav,yes
DataSet/yes/c120e80e_nohash_6.wav,yes
DataSet/yes/45692b02_nohash_4.wav,yes
DataSet/yes/1f3e4139_nohash_0.wav,yes
DataSet/yes/bb6d4301_nohash_3.wav,yes
DataSet/yes/39999a0f_nohash_0.wav,yes
DataSet/yes/619b5164_nohash_0.wav,yes
DataSet/yes/cdee383b_nohash_1.wav,yes
DataSet/yes/2d82a556_nohash_0.wav,yes
DataSet/yes/6ef407da_nohash_4.wav,yes
DataSet/yes/d394ef8e_nohash_1.wav,yes
DataSet/yes/11860c84_nohash_0.wav,yes
DataSet/yes/cc6ee39b_nohash_1.wav,yes
DataSet/yes/26a093e1_nohash_1.wav,yes
DataSet/yes/de3fe344_nohash_1.wav,yes
DataSet/yes/b97c9f77_nohash_0.wav,yes
DataSet/yes/3903b558_nohash_0.wav,yes
DataSet/yes/0d82fd99_nohash_3.wav,yes
DataSet/yes/d394ef8e_nohash_6.wav,yes
DataSet/yes/9a4d12fd_nohash_0.wav,yes
DataSet/yes/aa753bb9_nohash_0.wav,yes
DataSet/yes/ed032775_nohash_1.wav,yes
DataSet/yes/f34e6f44_nohash_2.wav,yes
DataSet/yes/8eb4a1bf_nohash_1.wav,yes
DataSet/yes/a0f93943_nohash_1.wav,yes
DataSet/yes/b6573c88_nohash_0.wav,yes
DataSet/yes/151bfb79_nohash_0.wav,yes
DataSet/yes/079d1020_nohash_0.wav,yes
DataSet/yes/22296dbe_nohash_0.wav,yes
DataSet/yes/aa80f517_nohash_0.wav,yes
DataSet/yes/31d31fa0_nohash_0.wav,yes
DataSet/yes/a1e71565_nohash_0.wav,yes
DataSet/yes/d9aa8c90_nohash_0.wav,yes
DataSet/yes/9a76f8c3_nohash_2.wav,yes
DataSet/yes/20fd451f_nohash_3.wav,yes
DataSet/yes/197f4153_nohash_4.wav,yes
DataSet/yes/617aeb6c_nohash_3.wav,yes
DataSet/yes/da040491_nohash_1.wav,yes
DataSet/yes/fdb5155e_nohash_1.wav,yes
DataSet/yes/1eddce1d_nohash_0.wav,yes
DataSet/yes/0ab3b47d_nohash_0.wav,yes
DataSet/yes/a1cff772_nohash_1.wav,yes
DataSet/yes/0685264e_nohash_0.wav,yes
DataSet/yes/324210dd_nohash_0.wav,yes
DataSet/yes/f953e1af_nohash_3.wav,yes
DataSet/yes/fb727898_nohash_3.wav,yes
DataSet/yes/30f6e665_nohash_0.wav,yes
DataSet/yes/bdee441c_nohash_1.wav,yes
DataSet/yes/21cbe292_nohash_0.wav,yes
DataSet/yes/7fb8d703_nohash_2.wav,yes
DataSet/yes/363c6bad_nohash_0.wav,yes
DataSet/no/c25a032b_nohash_1.wav,no
DataSet/no/d21fd169_nohash_1.wav,no
DataSet/no/1365dd89_nohash_0.wav,no
DataSet/no/f953e1af_nohash_1.wav,no
DataSet/no/b87bdb22_nohash_2.wav,no
DataSet/no/079dfce3_nohash_0.wav,no
DataSet/no/964e8cfd_nohash_3.wav,no
DataSet/no/723efc4c_nohash_0.wav,no
DataSet/no/aa80f517_nohash_3.wav,no
DataSet/no/1bb6ed89_nohash_0.wav,no
DataSet/no/ddedba85_nohash_4.wav,no
DataSet/no/45692b02_nohash_0.wav,no
DataSet/no/1626bc5a_nohash_1.wav,no
DataSet/no/3a929277_nohash_2.wav,no
DataSet/no/1706c35f_nohash_1.wav,no
DataSet/no/b0f5b16d_nohash_2.wav,no
DataSet/no/52162b51_nohash_3.wav,no
DataSet/no/5fe4a278_nohash_1.wav,no
DataSet/no/7622d95b_nohash_3.wav,no
DataSet/no/30065f33_nohash_0.wav,no
DataSet/no/893705bb_nohash_4.wav,no
DataSet/no/815f0f03_nohash_0.wav,no
DataSet/no/0d6d7360_nohash_2.wav,no
DataSet/no/a4ca3afe_nohash_0.wav,no
DataSet/no/1bb574f9_nohash_0.wav,no
DataSet/no/bd76a7fd_nohash_3.wav,no
DataSet/no/692a88e6_nohash_4.wav,no
DataSet/no/3477fab6_nohash_0.wav,no
DataSet/no/45692b02_nohash_1.wav,no
DataSet/no/617de221_nohash_3.wav,no
DataSet/no/f174517e_nohash_0.wav,no
DataSet/no/c39703ec_nohash_0.wav,no
DataSet/no/82b99576_nohash_0.wav,no
DataSet/no/de3fe344_nohash_3.wav,no
DataSet/no/f0659908_nohash_1.wav,no
DataSet/no/f5341341_nohash_0.wav,no
DataSet/no/9c59dd28_nohash_0.wav,no
DataSet/no/2c393fd2_nohash_0.wav,no
DataSet/no/bcf614a2_nohash_2.wav,no
DataSet/no/b69002d4_nohash_3.wav,no
DataSet/no/36050ef3_nohash_2.wav,no
DataSet/no/cb2929ce_nohash_1.wav,no
DataSet/no/122c5aa7_nohash_1.wav,no
DataSet/no/cdfbbe75_nohash_1.wav,no
DataSet/no/b7a6f709_nohash_0.wav,no
DataSet/no/29b81b73_nohash_0.wav,no
DataSet/no/e0611c84_nohash_1.wav,no
DataSet/no/2a1f4853_nohash_2.wav,no
DataSet/no/5efb758c_nohash_1.wav,no
DataSet/no/9190045a_nohash_0.wav,no
DataSet/no/422d3197_nohash_1.wav,no
DataSet/no/20d779bf_nohash_1.wav,no
DataSet/no/a4ca3afe_nohash_1.wav,no
DataSet/no/f568162b_nohash_1.wav,no
DataSet/no/78102205_nohash_0.wav,no
DataSet/no/b59fa113_nohash_1.wav,no
DataSet/no/2f0ce4d9_nohash_2.wav,no
DataSet/no/050170cb_nohash_1.wav,no
DataSet/no/82e7204d_nohash_0.wav,no
DataSet/no/b8874962_nohash_2.wav,no
DataSet/no/6e916de8_nohash_1.wav,no
DataSet/no/f035e2ea_nohash_1.wav,no
DataSet/no/9bea2ac7_nohash_0.wav,no
DataSet/no/e99d36c8_nohash_0.wav,no
DataSet/no/8a1c449e_nohash_0.wav,no
DataSet/no/f4504600_nohash_2.wav,no
DataSet/no/54b6d355_nohash_0.wav,no
DataSet/no/b17f5ba0_nohash_0.wav,no
DataSet/no/617aeb6c_nohash_2.wav,no
DataSet/no/686d030b_nohash_4.wav,no
DataSet/no/de3fe344_nohash_1.wav,no
DataSet/no/b414c653_nohash_4.wav,no
DataSet/no/422f8cf1_nohash_0.wav,no
DataSet/no/28e47b1a_nohash_2.wav,no
DataSet/no/9a76f8c3_nohash_1.wav,no
DataSet/no/bb6d4301_nohash_2.wav,no
DataSet/no/042a8dde_nohash_2.wav,no
DataSet/no/7f581e94_nohash_0.wav,no
DataSet/no/c5570933_nohash_1.wav,no
DataSet/no/187af8be_nohash_1.wav,no
DataSet/no/5c43ac9f_nohash_0.wav,no
DataSet/no/c50f55b8_nohash_3.wav,no
DataSet/no/0ea9c8ce_nohash_3.wav,no
DataSet/no/4c6167ca_nohash_6.wav,no
DataSet/no/24befdb3_nohash_4.wav,no
DataSet/no/3d9bbe2d_nohash_1.wav,no
DataSet/no/ca4912b6_nohash_2.wav,no
DataSet/no/fc94edb0_nohash_0.wav,no
DataSet/no/856eb138_nohash_0.wav,no
DataSet/no/6094340e_nohash_0.wav,no
DataSet/no/a7acbbeb_nohash_1.wav,no
DataSet/no/4f256313_nohash_1.wav,no
DataSet/no/b69fe0e2_nohash_1.wav,no
DataSet/no/61ab8fbc_nohash_0.wav,no
DataSet/no/a2473d62_nohash_2.wav,no
DataSet/no/fb7eb481_nohash_4.wav,no
DataSet/no/ee1d8d49_nohash_4.wav,no
DataSet/no/ad63d93c_nohash_2.wav,no
DataSet/no/e41a903b_nohash_0.wav,no
DataSet/no/ab00c4b2_nohash_1.wav,no
DataSet/no/24632875_nohash_1.wav,no
DataSet/no/c0e0f834_nohash_0.wav,no
DataSet/no/54aecbd5_nohash_0.wav,no
DataSet/no/686d030b_nohash_2.wav,no
DataSet/no/c6ee87a7_nohash_4.wav,no
DataSet/no/7014b07e_nohash_0.wav,no
DataSet/no/db24628d_nohash_2.wav,no
DataSet/no/b25b6065_nohash_0.wav,no
DataSet/no/189cbabe_nohash_4.wav,no
DataSet/no/0137b3f4_nohash_0.wav,no
DataSet/no/a4383927_nohash_0.wav,no
DataSet/no/3291330e_nohash_0.wav,no
DataSet/no/bd76a7fd_nohash_0.wav,no
DataSet/no/5c237956_nohash_1.wav,no
DataSet/no/29fb33da_nohash_0.wav,no
DataSet/no/3d86b69a_nohash_3.wav,no
DataSet/no/3b195250_nohash_4.wav,no
DataSet/no/af405b69_nohash_1.wav,no
DataSet/no/7c83c5f6_nohash_0.wav,no
DataSet/no/66a412a7_nohash_0.wav,no
DataSet/no/bfaf2000_nohash_0.wav,no
DataSet/no/e9abfe31_nohash_0.wav,no
DataSet/no/b69fe0e2_nohash_2.wav,no
DataSet/no/9be15e93_nohash_1.wav,no
DataSet/no/e98cb283_nohash_0.wav,no
DataSet/no/0b56bcfe_nohash_0.wav,no
DataSet/no/6c0f6493_nohash_1.wav,no
DataSet/no/e882abb2_nohash_4.wav,no
DataSet/no/bde0f20a_nohash_0.wav,no
DataSet/no/9b8a7439_nohash_2.wav,no
DataSet/no/712e4d58_nohash_0.wav,no
DataSet/no/cc3b5b62_nohash_3.wav,no
DataSet/no/b4ea0d9a_nohash_4.wav,no
DataSet/no/bf90a57a_nohash_0.wav,no
DataSet/no/0f46028a_nohash_1.wav,no
DataSet/no/2ad772d6_nohash_0.wav,no
DataSet/no/79b37d3a_nohash_1.wav,no
DataSet/no/1496195a_nohash_2.wav,no
DataSet/no/44bc77f7_nohash_0.wav,no
DataSet/no/bdd22e4d_nohash_4.wav,no
DataSet/no/2927c601_nohash_1.wav,no
DataSet/no/7bae88ed_nohash_0.wav,no
DataSet/no/90e72357_nohash_0.wav,no
DataSet/no/ec21c46b_nohash_0.wav,no
DataSet/no/86cb59b2_nohash_0.wav,no
DataSet/no/f2898d06_nohash_0.wav,no
DataSet/no/9a7c1f83_nohash_0.wav,no
DataSet/no/a6f2fd71_nohash_0.wav,no
DataSet/no/c9027901_nohash_0.wav,no
DataSet/no/012c8314_nohash_0.wav,no
DataSet/no/ec201020_nohash_0.wav,no
DataSet/no/0d6d7360_nohash_0.wav,no
DataSet/no/87d5e978_nohash_2.wav,no
DataSet/no/57cb3575_nohash_0.wav,no
DataSet/no/54b6d355_nohash_3.wav,no
DataSet/no/8134f43f_nohash_4.wav,no
DataSet/no/0f7dc557_nohash_2.wav,no
DataSet/no/d57febf0_nohash_0.wav,no
DataSet/no/da040491_nohash_0.wav,no
DataSet/no/e99d36c8_nohash_1.wav,no
DataSet/no/d7a58714_nohash_0.wav,no
DataSet/no/708a9569_nohash_1.wav,no
DataSet/no/31f01a8d_nohash_4.wav,no
DataSet/no/96de5e7f_nohash_1.wav,no
DataSet/no/ad63d93c_nohash_0.wav,no
DataSet/no/18e910f4_nohash_2.wav,no
DataSet/no/de3fe344_nohash_0.wav,no
DataSet/no/c22ebf46_nohash_1.wav,no
DataSet/no/238c112c_nohash_1.wav,no
DataSet/no/0585b66d_nohash_2.wav,no
DataSet/no/6bf5baf3_nohash_4.wav,no
DataSet/no/fbb2f6cc_nohash_4.wav,no
DataSet/no/b84f83d2_nohash_0.wav,no
DataSet/no/7117fb6d_nohash_0.wav,no
DataSet/no/563aa4e6_nohash_3.wav,no
DataSet/no/017c4098_nohash_0.wav,no
DataSet/no/39833acb_nohash_3.wav,no
DataSet/no/0585b66d_nohash_0.wav,no
DataSet/no/c103a2d5_nohash_0.wav,no
DataSet/no/c8b904e3_nohash_2.wav,no
DataSet/no/0137b3f4_nohash_3.wav,no
DataSet/no/b7a0754f_nohash_0.wav,no
DataSet/no/9151f184_nohash_1.wav,no
DataSet/no/a84dee7b_nohash_0.wav,no
DataSet/no/1b42b551_nohash_1.wav,no
DataSet/no/322d17d3_nohash_4.wav,no
DataSet/no/211b928a_nohash_1.wav,no
DataSet/no/a74f3917_nohash_0.wav,no
DataSet/no/b19f7f5f_nohash_0.wav,no
DataSet/no/33903159_nohash_0.wav,no
DataSet/no/e9287461_nohash_0.wav,no
DataSet/no/525eaa62_nohash_2.wav,no
DataSet/no/4c6167ca_nohash_2.wav,no
DataSet/no/baf01c1f_nohash_0.wav,no
DataSet/no/30276d03_nohash_4.wav,no
DataSet/no/1b627376_nohash_0.wav,no
DataSet/no/837a0f64_nohash_4.wav,no
DataSet/no/f5733968_nohash_1.wav,no
DataSet/no/6a497f80_nohash_0.wav,no
DataSet/no/ac9dee0e_nohash_0.wav,no
DataSet/no/18a8f03f_nohash_0.wav,no
DataSet/no/0717b9f6_nohash_3.wav,no
DataSet/no/4bb1244f_nohash_0.wav,no
DataSet/no/f30285c8_nohash_0.wav,no
DataSet/no/7d6b4b10_nohash_2.wav,no
DataSet/no/d1dd03ed_nohash_3.wav,no
DataSet/no/ceef6d96_nohash_4.wav,no
DataSet/no/1fd85ee4_nohash_1.wav,no
DataSet/no/e55a2b20_nohash_1.wav,no
DataSet/no/4394fc7c_nohash_0.wav,no
DataSet/no/24a3e589_nohash_3.wav,no
DataSet/no/b2ae3928_nohash_2.wav,no
DataSet/no/8eb4a1bf_nohash_2.wav,no
DataSet/no/d94eb94f_nohash_1.wav,no
DataSet/no/b0ae6326_nohash_1.wav,no
DataSet/no/5f9cd2eb_nohash_4.wav,no
DataSet/no/1f3e4139_nohash_1.wav,no
DataSet/no/e8c3c5ca_nohash_0.wav,no
DataSet/no/28ed6bc9_nohash_1.wav,no
DataSet/no/4c3cddb8_nohash_4.wav,no
DataSet/no/e32ff49d_nohash_0.wav,no
DataSet/no/06f6c194_nohash_1.wav,no
DataSet/no/0d90d8e1_nohash_3.wav,no
DataSet/no/0d82fd99_nohash_4.wav,no
DataSet/no/365908bd_nohash_3.wav,no
DataSet/no/b8874962_nohash_1.wav,no
DataSet/no/44c201dd_nohash_0.wav,no
DataSet/no/9a3f97f8_nohash_0.wav,no
DataSet/no/55feffd5_nohash_2.wav,no
DataSet/no/fb7eb481_nohash_2.wav,no
DataSet/no/6366f61a_nohash_0.wav,no
DataSet/no/f9643d42_nohash_3.wav,no
DataSet/no/f2dd248e_nohash_0.wav,no
DataSet/no/e1aa22e4_nohash_1.wav,no
DataSet/no/0d90d8e1_nohash_2.wav,no
DataSet/no/e0c782d5_nohash_2.wav,no
DataSet/no/c79159aa_nohash_0.wav,no
DataSet/no/ffd2ba2f_nohash_1.wav,no
DataSet/no/bdd22e4d_nohash_3.wav,no
DataSet/no/a73be046_nohash_0.wav,no
DataSet/no/b308773d_nohash_2.wav,no
DataSet/no/bfdb9801_nohash_0.wav,no
DataSet/no/b089169d_nohash_1.wav,no
DataSet/no/f0659908_nohash_3.wav,no
DataSet/no/7f74626f_nohash_2.wav,no
DataSet/no/af7a8296_nohash_1.wav,no
DataSet/no/7622d95b_nohash_0.wav,no
DataSet/no/64df20d8_nohash_4.wav,no
DataSet/no/e882abb2_nohash_3.wav,no
DataSet/no/94de6a6a_nohash_3.wav,no
DataSet/stop/3108acca_nohash_0.wav,stop
DataSet/stop/37d38e44_nohash_0.wav,stop
DataSet/stop/66a412a7_nohash_0.wav,stop
DataSet/stop/a2473d62_nohash_0.wav,stop
DataSet/stop/5087f68b_nohash_0.wav,stop
DataSet/stop/0227998e_nohash_0.wav,stop
DataSet/stop/26b28ea7_nohash_0.wav,stop
DataSet/stop/29fb33da_nohash_1.wav,stop
DataSet/stop/499be02e_nohash_0.wav,stop
DataSet/stop/5cf1ecce_nohash_0.wav,stop
DataSet/stop/5ebc1cda_nohash_2.wav,stop
DataSet/stop/d91a159e_nohash_0.wav,stop
DataSet/stop/64220627_nohash_0.wav,stop
DataSet/stop/c50f55b8_nohash_1.wav,stop
DataSet/stop/1b42b551_nohash_3.wav,stop
DataSet/stop/5ebc1cda_nohash_5.wav,stop
DataSet/stop/d2f4f431_nohash_1.wav,stop
DataSet/stop/ac9dee0e_nohash_2.wav,stop
DataSet/stop/0bde966a_nohash_0.wav,stop
DataSet/stop/0d90d8e1_nohash_0.wav,stop
DataSet/stop/48e8b82a_nohash_1.wav,stop
DataSet/stop/2da58b32_nohash_4.wav,stop
DataSet/stop/299c14b1_nohash_1.wav,stop
DataSet/stop/a1a59b72_nohash_1.wav,stop
DataSet/stop/4fce7686_nohash_0.wav,stop
DataSet/stop/62581901_nohash_1.wav,stop
DataSet/stop/6ace4fe1_nohash_2.wav,stop
DataSet/stop/97f4c236_nohash_3.wav,stop
DataSet/stop/24befdb3_nohash_4.wav,stop
DataSet/stop/51055bda_nohash_2.wav,stop
DataSet/stop/21832144_nohash_0.wav,stop
DataSet/stop/8442ea62_nohash_2.wav,stop
DataSet/stop/c7dc7278_nohash_0.wav,stop
DataSet/stop/3d9200b9_nohash_0.wav,stop
DataSet/stop/fc2411fe_nohash_1.wav,stop
DataSet/stop/0f7266cf_nohash_3.wav,stop
DataSet/stop/54aecbd5_nohash_0.wav,stop
DataSet/stop/311fde72_nohash_3.wav,stop
DataSet/stop/eb0857c0_nohash_0.wav,stop
DataSet/stop/8fe67225_nohash_4.wav,stop
DataSet/stop/c7124b73_nohash_0.wav,stop
DataSet/stop/15f04ff8_nohash_0.wav,stop
DataSet/stop/525eaa62_nohash_2.wav,stop
DataSet/stop/6d1dcca6_nohash_0.wav,stop
DataSet/stop/e5afa9b0_nohash_1.wav,stop
DataSet/stop/5b09db89_nohash_0.wav,stop
DataSet/stop/51eefcc6_nohash_0.wav,stop
DataSet/stop/71904de3_nohash_1.wav,stop
DataSet/stop/1ed0b13d_nohash_1.wav,stop
DataSet/stop/1c84a139_nohash_0.wav,stop
DataSet/stop/9acd0254_nohash_0.wav,stop
DataSet/stop/f6af2457_nohash_0.wav,stop
DataSet/stop/856eb138_nohash_0.wav,stop
DataSet/stop/834f03fe_nohash_1.wav,stop
DataSet/stop/5ebc1cda_nohash_0.wav,stop
DataSet/stop/e71b4ce6_nohash_0.wav,stop
DataSet/stop/da584bc0_nohash_0.wav,stop
DataSet/stop/dea820ce_nohash_0.wav,stop
DataSet/stop/5f9cd2eb_nohash_3.wav,stop
DataSet/stop/235b444f_nohash_1.wav,stop
DataSet/stop/845f8553_nohash_3.wav,stop
DataSet/stop/21e8c417_nohash_0.wav,stop
DataSet/stop/c0445658_nohash_0.wav,stop
DataSet/stop/890cc926_nohash_3.wav,stop
DataSet/stop/735845ab_nohash_1.wav,stop
DataSet/stop/0cc6b0b0_nohash_0.wav,stop
DataSet/stop/5236848b_nohash_0.wav,stop
DataSet/stop/5e033479_nohash_0.wav,stop
DataSet/stop/c98bbbd3_nohash_1.wav,stop
DataSet/stop/bc196f81_nohash_0.wav,stop
DataSet/stop/f34e6f44_nohash_0.wav,stop
DataSet/stop/2aca1e72_nohash_9.wav,stop
DataSet/stop/f9643d42_nohash_1.wav,stop
DataSet/stop/2e75d37a_nohash_2.wav,stop
DataSet/stop/ae82c78c_nohash_0.wav,stop
DataSet/stop/9be15e93_nohash_0.wav,stop
DataSet/stop/dca2797e_nohash_2.wav,stop
DataSet/stop/b2ae3928_nohash_0.wav,stop
DataSet/stop/19e246ad_nohash_0.wav,stop
DataSet/stop/1496195a_nohash_1.wav,stop
DataSet/stop/ddedba85_nohash_2.wav,stop
DataSet/stop/196e84b7_nohash_1.wav,stop
DataSet/stop/352ffbe3_nohash_1.wav,stop
DataSet/stop/cc6ee39b_nohash_2.wav,stop
DataSet/stop/3a929277_nohash_0.wav,stop
DataSet/stop/131e738d_nohash_1.wav,stop
DataSet/stop/68dd409e_nohash_1.wav,stop
DataSet/stop/01bb6a2a_nohash_2.wav,stop
DataSet/stop/1c45ceb2_nohash_0.wav,stop
DataSet/stop/6aafb34f_nohash_0.wav,stop
DataSet/stop/9a76f8c3_nohash_4.wav,stop
DataSet/stop/8eb4a1bf_nohash_0.wav,stop
DataSet/stop/4fd1443e_nohash_1.wav,stop
DataSet/stop/7d6b4b10_nohash_0.wav,stop
DataSet/stop/f9643d42_nohash_2.wav,stop
DataSet/stop/878befa7_nohash_0.wav,stop
DataSet/stop/d78858d9_nohash_0.wav,stop
DataSet/stop/a1cff772_nohash_3.wav,stop
DataSet/stop/c392e01d_nohash_0.wav,stop
DataSet/stop/baf01c1f_nohash_1.wav,stop
DataSet/stop/3a182c98_nohash_1.wav,stop
DataSet/stop/72aa7259_nohash_0.wav,stop
DataSet/stop/195c120a_nohash_1.wav,stop
DataSet/stop/645ed69d_nohash_1.wav,stop
DataSet/stop/3a69f765_nohash_3.wav,stop
DataSet/stop/462e1919_nohash_1.wav,stop
DataSet/stop/a1cff772_nohash_5.wav,stop
DataSet/stop/d264f7b6_nohash_4.wav,stop
DataSet/stop/7464b22e_nohash_0.wav,stop
DataSet/stop/332d33b1_nohash_3.wav,stop
DataSet/stop/61bcb275_nohash_0.wav,stop
DataSet/stop/21832144_nohash_1.wav,stop
DataSet/stop/144d27ff_nohash_1.wav,stop
DataSet/stop/e1469561_nohash_1.wav,stop
DataSet/stop/ec989d6d_nohash_0.wav,stop
DataSet/stop/ea356919_nohash_0.wav,stop
DataSet/stop/c120e80e_nohash_1.wav,stop
DataSet/stop/095847e4_nohash_1.wav,stop
DataSet/stop/f5733968_nohash_3.wav,stop
DataSet/stop/9151f184_nohash_2.wav,stop
DataSet/stop/7e6bd776_nohash_1.wav,stop
DataSet/stop/ccca5655_nohash_0.wav,stop
DataSet/stop/b9f46737_nohash_3.wav,stop
DataSet/stop/36050ef3_nohash_2.wav,stop
DataSet/stop/226537ab_nohash_4.wav,stop
DataSet/stop/890cc926_nohash_1.wav,stop
DataSet/stop/6c0f6493_nohash_2.wav,stop
DataSet/stop/44f68a83_nohash_0.wav,stop
DataSet/stop/37bd115d_nohash_0.wav,stop
DataSet/stop/b308773d_nohash_2.wav,stop
DataSet/stop/0d90d8e1_nohash_4.wav,stop
DataSet/stop/da27460c_nohash_2.wav,stop
DataSet/stop/39a6b995_nohash_0.wav,stop
DataSet/stop/acfd5b5e_nohash_1.wav,stop
DataSet/stop/28ef2a01_nohash_1.wav,stop
DataSet/stop/1e02ffc5_nohash_4.wav,stop
DataSet/stop/352ffbe3_nohash_0.wav,stop
DataSet/stop/7fb8d703_nohash_2.wav,stop
DataSet/stop/674ca5ea_nohash_0.wav,stop
DataSet/stop/62641b88_nohash_0.wav,stop
DataSet/stop/97addd88_nohash_2.wav,stop
DataSet/stop/e2b7d6d6_nohash_1.wav,stop
DataSet/stop/29fb33da_nohash_2.wav,stop
DataSet/stop/1e31353f_nohash_0.wav,stop
DataSet/stop/a5d1becc_nohash_1.wav,stop
DataSet/stop/8769c34c_nohash_1.wav,stop
DataSet/stop/2927c601_nohash_0.wav,stop
DataSet/stop/9b8a7439_nohash_2.wav,stop
DataSet/stop/6ef407da_nohash_2.wav,stop
DataSet/stop/b29f8b23_nohash_1.wav,stop
DataSet/stop/bb05582b_nohash_1.wav,stop
DataSet/stop/72aa7259_nohash_1.wav,stop
DataSet/stop/f01a0d63_nohash_0.wav,stop
DataSet/stop/8f4c551f_nohash_2.wav,stop
DataSet/stop/88e90bc1_nohash_0.wav,stop
DataSet/stop/f8f60f59_nohash_1.wav,stop
DataSet/stop/f292725f_nohash_0.wav,stop
DataSet/stop/57de2379_nohash_0.wav,stop
DataSet/stop/e53139ad_nohash_4.wav,stop
DataSet/stop/893705bb_nohash_0.wav,stop
DataSet/stop/893705bb_nohash_1.wav,stop
DataSet/stop/b0f5b16d_nohash_3.wav,stop
DataSet/stop/b8874962_nohash_1.wav,stop
DataSet/stop/ef3367d9_nohash_7.wav,stop
DataSet/stop/36050ef3_nohash_3.wav,stop
DataSet/stop/96d8bb6f_nohash_1.wav,stop
DataSet/stop/a9abc695_nohash_0.wav,stop
DataSet/stop/fb8c31a9_nohash_3.wav,stop
DataSet/stop/3a3ee7ed_nohash_3.wav,stop
DataSet/stop/0227998e_nohash_3.wav,stop
DataSet/stop/5f5eef60_nohash_0.wav,stop
DataSet/stop/c1d39ce8_nohash_9.wav,stop
DataSet/stop/cc3b5b62_nohash_2.wav,stop
DataSet/stop/f5341341_nohash_3.wav,stop
DataSet/stop/57376a4c_nohash_2.wav,stop
DataSet/stop/e0c782d5_nohash_0.wav,stop
DataSet/stop/57b68383_nohash_0.wav,stop
DataSet/stop/0bd689d7_nohash_2.wav,stop
DataSet/stop/90e72357_nohash_2.wav,stop
DataSet/stop/ef3367d9_nohash_6.wav,stop
DataSet/stop/45692b02_nohash_1.wav,stop
DataSet/stop/a77fbcfd_nohash_1.wav,stop
DataSet/stop/d4dddb92_nohash_0.wav,stop
DataSet/stop/2ad772d6_nohash_0.wav,stop
DataSet/stop/e77d88fc_nohash_1.wav,stop
DataSet/stop/676f8138_nohash_3.wav,stop
DataSet/stop/a19452d5_nohash_0.wav,stop
DataSet/stop/513aeddf_nohash_1.wav,stop
DataSet/stop/c50f55b8_nohash_0.wav,stop
DataSet/stop/c1e0e8e3_nohash_2.wav,stop
DataSet/stop/dd664d92_nohash_0.wav,stop
DataSet/stop/82951cf0_nohash_1.wav,stop
DataSet/stop/1496195a_nohash_3.wav,stop
DataSet/stop/dabd70c2_nohash_0.wav,stop
DataSet/stop/8e05039f_nohash_2.wav,stop
DataSet/stop/ee07dcb9_nohash_2.wav,stop
DataSet/stop/f8ad3941_nohash_1.wav,stop
DataSet/stop/0d6d7360_nohash_2.wav,stop
DataSet/stop/3b4f8f24_nohash_1.wav,stop
DataSet/stop/24ed94ab_nohash_0.wav,stop
DataSet/stop/0d82fd99_nohash_3.wav,stop
DataSet/stop/51f7a034_nohash_2.wav,stop
DataSet/stop/050170cb_nohash_2.wav,stop
DataSet/stop/cd85758f_nohash_0.wav,stop
DataSet/stop/e7ea8b76_nohash_0.wav,stop
DataSet/stop/5ba724a7_nohash_0.wav,stop
DataSet/stop/ec201020_nohash_0.wav,stop
DataSet/stop/2bfe70ef_nohash_2.wav,stop
DataSet/stop/dae01802_nohash_1.wav,stop
DataSet/stop/2927c601_nohash_2.wav,stop
DataSet/stop/b5cf6ea8_nohash_4.wav,stop
DataSet/stop/7ff4fc72_nohash_2.wav,stop
DataSet/stop/64f83f0e_nohash_0.wav,stop
DataSet/stop/89ed36ab_nohash_0.wav,stop
DataSet/stop/67c7fecb_nohash_0.wav,stop
DataSet/stop/f568162b_nohash_0.wav,stop
DataSet/stop/92e17cc4_nohash_1.wav,stop
DataSet/stop/893705bb_nohash_4.wav,stop
DataSet/stop/0b7ee1a0_nohash_2.wav,stop
DataSet/stop/9f7079fe_nohash_1.wav,stop
DataSet/stop/1acc97de_nohash_0.wav,stop
DataSet/stop/bab36420_nohash_4.wav,stop
DataSet/stop/d9ae8983_nohash_0.wav,stop
DataSet/stop/dc6e9c04_nohash_0.wav,stop
DataSet/stop/8e523821_nohash_3.wav,stop
DataSet/stop/cd7f8c1b_nohash_1.wav,stop
DataSet/stop/a7200079_nohash_3.wav,stop
DataSet/stop/1816b768_nohash_1.wav,stop
DataSet/stop/735845ab_nohash_0.wav,stop
DataSet/stop/f5e44d34_nohash_1.wav,stop
DataSet/stop/cce7416f_nohash_3.wav,stop
DataSet/stop/3777c08e_nohash_1.wav,stop
DataSet/stop/4fd1443e_nohash_0.wav,stop
DataSet/stop/953fe1ad_nohash_1.wav,stop
DataSet/stop/f568162b_nohash_1.wav,stop
DataSet/stop/a6f2fd71_nohash_1.wav,stop
DataSet/stop/71f6fed7_nohash_0.wav,stop
DataSet/stop/e2286c18_nohash_2.wav,stop
DataSet/stop/857366dd_nohash_0.wav,stop
DataSet/stop/e805a617_nohash_1.wav,stop
DataSet/stop/d962e5ac_nohash_2.wav,stop
DataSet/stop/6969e51a_nohash_2.wav,stop
DataSet/stop/a902ce9b_nohash_2.wav,stop
DataSet/stop/a1e71565_nohash_2.wav,stop
DataSet/stop/3cc595de_nohash_1.wav,stop
DataSet/stop/e9bc5cc2_nohash_3.wav,stop
DataSet/stop/ec989d6d_nohash_5.wav,stop
DataSet/stop/06f6c194_nohash_3.wav,stop
DataSet/stop/b65f6015_nohash_0.wav,stop
DataSet/stop/f1b35ace_nohash_0.wav,stop
DataSet/go/004ae714_nohash_0.wav,go
DataSet/go/3d9bbe2d_nohash_4.wav,go
DataSet/go/0ea9c8ce_nohash_3.wav,go
DataSet/go/1bb6ed89_nohash_1.wav,go
DataSet/go/2e75d37a_nohash_1.wav,go
DataSet/go/3a789a0d_nohash_0.wav,go
DataSet/go/1aed7c6d_nohash_0.wav,go
DataSet/go/1d1fe0a0_nohash_0.wav,go
DataSet/go/0ac15fe9_nohash_0.wav,go
DataSet/go/2da58b32_nohash_4.wav,go
DataSet/go/4c6944d6_nohash_2.wav,go
DataSet/go/1b42b551_nohash_0.wav,go
DataSet/go/4beff0c5_nohash_0.wav,go
DataSet/go/1c1060b1_nohash_0.wav,go
DataSet/go/3efa7ec4_nohash_0.wav,go
DataSet/go/1ffd513b_nohash_0.wav,go
DataSet/go/1ecfb537_nohash_1.wav,go
DataSet/go/4b25f620_nohash_0.wav,go
DataSet/go/4fd4d073_nohash_2.wav,go
DataSet/go/0ab3b47d_nohash_0.wav,go
DataSet/go/0d90d8e1_nohash_3.wav,go
DataSet/go/3bfd30e6_nohash_2.wav,go
DataSet/go/0cd323ec_nohash_0.wav,go
DataSet/go/1a994c9f_nohash_0.wav,go
DataSet/go/1b63157b_nohash_0.wav,go
DataSet/go/3d86b69a_nohash_3.wav,go
DataSet/go/4c3cddb8_nohash_0.wav,go
DataSet/go/1d919a90_nohash_0.wav,go
DataSet/go/0a5636ca_nohash_0.wav,go
DataSet/go/0a196374_nohash_0.wav,go
DataSet/go/2d3c8dcb_nohash_0.wav,go
DataSet/go/2a1f4853_nohash_4.wav,go
DataSet/go/0d6d7360_nohash_1.wav,go
DataSet/go/2da58b32_nohash_3.wav,go
DataSet/go/4e6902d0_nohash_0.wav,go
DataSet/go/4c6944d6_nohash_4.wav,go
DataSet/go/3b3d2f59_nohash_4.wav,go
DataSet/go/3d794813_nohash_2.wav,go
DataSet/go/0b7ee1a0_nohash_3.wav,go
DataSet/go/3c6d55b3_nohash_2.wav,go
DataSet/go/3ce4910e_nohash_4.wav,go
DataSet/go/0d82fd99_nohash_2.wav,go
DataSet/go/4fd4d073_nohash_1.wav,go
DataSet/go/1e02ffc5_nohash_3.wav,go
DataSet/go/2a1f4853_nohash_1.wav,go
DataSet/go/4e99c1b7_nohash_2.wav,go
DataSet/go/3b4f8f24_nohash_4.wav,go
DataSet/go/2be08ce4_nohash_0.wav,go
DataSet/go/1ecfb537_nohash_2.wav,go
DataSet/go/2bdbe5f7_nohash_0.wav,go
DataSet/go/0a2b400e_nohash_1.wav,go
DataSet/go/0c09f202_nohash_0.wav,go
DataSet/go/2c7c33e8_nohash_0.wav,go
DataSet/go/3f45a0cf_nohash_1.wav,go
DataSet/go/4cee0c60_nohash_3.wav,go
DataSet/go/01d22d03_nohash_1.wav,go
DataSet/go/02fcd241_nohash_0.wav,go
DataSet/go/3b3d2f59_nohash_2.wav,go
DataSet/go/3bb68054_nohash_0.wav,go
DataSet/go/0d393936_nohash_0.wav,go
DataSet/go/3bc21161_nohash_3.wav,go
DataSet/go/1cc80e39_nohash_0.wav,go
DataSet/go/0c2ca723_nohash_0.wav,go
DataSet/go/3cfc6b3a_nohash_0.wav,go
DataSet/go/3a182c98_nohash_1.wav,go
DataSet/go/3c257192_nohash_0.wav,go
DataSet/go/1e02ffc5_nohash_0.wav,go
DataSet/go/0f46028a_nohash_0.wav,go
DataSet/go/4fd4d073_nohash_0.wav,go
DataSet/go/3fb8c268_nohash_0.wav,go
DataSet/go/3f45a0cf_nohash_0.wav,go
DataSet/go/4c6944d6_nohash_0.wav,go
DataSet/go/4e6902d0_nohash_3.wav,go
DataSet/go/0c2d2ffa_nohash_0.wav,go
DataSet/go/0a9f9af7_nohash_1.wav,go
DataSet/go/3b4f8f24_nohash_3.wav,go
DataSet/go/4c3cddb8_nohash_4.wav,go
DataSet/go/2bfe70ef_nohash_0.wav,go
DataSet/go/3b852f6f_nohash_0.wav,go
DataSet/go/3bc21161_nohash_4.wav,go
DataSet/go/1dc86f91_nohash_0.wav,go
DataSet/go/3c257192_nohash_1.wav,go
DataSet/go/0cb74144_nohash_3.wav,go
DataSet/go/3cc595de_nohash_1.wav,go
DataSet/go/3d794813_nohash_0.wav,go
DataSet/go/3bb68054_nohash_2.wav,go
DataSet/go/1bb574f9_nohash_0.wav,go
DataSet/go/3ffa3457_nohash_0.wav,go
DataSet/go/4fd1443e_nohash_0.wav,go
DataSet/go/1ed0b13d_nohash_0.wav,go
DataSet/go/1ba20be2_nohash_2.wav,go
DataSet/go/3df9a3d4_nohash_0.wav,go
DataSet/go/3cc595de_nohash_0.wav,go
DataSet/go/0cb74144_nohash_2.wav,go
DataSet/go/2f0ce4d9_nohash_2.wav,go
DataSet/go/0eb48e10_nohash_2.wav,go
DataSet/go/0a196374_nohash_1.wav,go
DataSet/go/1ed0b13d_nohash_2.wav,go
DataSet/go/2b5e346d_nohash_0.wav,go
DataSet/go/1e9e6bdd_nohash_0.wav,go
DataSet/go/3e31dffe_nohash_4.wav,go
DataSet/go/0f2442b6_nohash_0.wav,go
DataSet/go/2bd2cad5_nohash_1.wav,go
DataSet/go/1e31353f_nohash_0.wav,go
DataSet/go/4abb2400_nohash_0.wav,go
DataSet/go/0b7ee1a0_nohash_0.wav,go
DataSet/go/0a196374_nohash_4.wav,go
DataSet/go/0a196374_nohash_2.wav,go
DataSet/go/2da58b32_nohash_0.wav,go
DataSet/go/5a98d407_nohash_0.wav,go
DataSet/go/02ade946_nohash_1.wav,go
DataSet/go/2f813234_nohash_0.wav,go
DataSet/go/3c4aa5ef_nohash_4.wav,go
DataSet/go/5a98d407_nohash_1.wav,go
DataSet/go/3a929277_nohash_0.wav,go
DataSet/go/0f7dc557_nohash_1.wav,go
DataSet/go/1a4259c3_nohash_0.wav,go
DataSet/go/0ba018fc_nohash_4.wav,go
DataSet/go/3bc21161_nohash_2.wav,go
DataSet/go/2dce72b3_nohash_0.wav,go
DataSet/go/4def68db_nohash_0.wav,go
DataSet/go/2f813234_nohash_2.wav,go
DataSet/go/2aca1e72_nohash_0.wav,go
DataSet/go/5a98d407_nohash_2.wav,go
DataSet/go/1c6e5447_nohash_0.wav,go
DataSet/go/0c40e715_nohash_1.wav,go
DataSet/go/0d6d7360_nohash_3.wav,go
DataSet/go/2aca1e72_nohash_3.wav,go
DataSet/go/3a69f765_nohash_3.wav,go
DataSet/go/2aca1e72_nohash_1.wav,go
DataSet/go/0ba018fc_nohash_0.wav,go
DataSet/go/4c594e0f_nohash_0.wav,go
DataSet/go/2a1f4853_nohash_3.wav,go
DataSet/go/0ab3b47d_nohash_1.wav,go
DataSet/go/0bfec55f_nohash_0.wav,go
DataSet/go/3d53244b_nohash_0.wav,go
DataSet/go/0d82fd99_nohash_4.wav,go
DataSet/go/02ade946_nohash_3.wav,go
DataSet/go/2b5e346d_nohash_1.wav,go
DataSet/go/2aca1e72_nohash_5.wav,go
DataSet/go/3cc595de_nohash_3.wav,go
DataSet/go/4e99c1b7_nohash_0.wav,go
DataSet/go/3ce4910e_nohash_1.wav,go
DataSet/go/2dc4f05d_nohash_1.wav,go
DataSet/go/1cc80e39_nohash_1.wav,go
DataSet/go/1acc97de_nohash_4.wav,go
DataSet/go/0b7ee1a0_nohash_2.wav,go
DataSet/go/4cee0c60_nohash_1.wav,go
DataSet/go/0b77ee66_nohash_0.wav,go
DataSet/go/4bc2c2c5_nohash_2.wav,go
DataSet/go/1e412fac_nohash_0.wav,go
DataSet/go/4a294341_nohash_0.wav,go
DataSet/go/1dc86f91_nohash_4.wav,go
DataSet/go/1e02ffc5_nohash_1.wav,go
DataSet/go/0ea9c8ce_nohash_1.wav,go
DataSet/go/01bb6a2a_nohash_0.wav,go
DataSet/go/1a5b9ca4_nohash_0.wav,go
DataSet/go/1e9b215e_nohash_2.wav,go
DataSet/go/3c6d55b3_nohash_1.wav,go
DataSet/go/3b3d2f59_nohash_1.wav,go
DataSet/go/0d6d7360_nohash_2.wav,go
DataSet/go/0f7266cf_nohash_2.wav,go
DataSet/go/004ae714_nohash_1.wav,go
DataSet/go/0f7266cf_nohash_0.wav,go
DataSet/go/4a4e28f1_nohash_0.wav,go
DataSet/go/00f0204f_nohash_0.wav,go
DataSet/go/5a3fc246_nohash_0.wav,go
DataSet/go/1e9b215e_nohash_3.wav,go
DataSet/go/02ade946_nohash_0.wav,go
DataSet/go/3b4f8f24_nohash_0.wav,go
DataSet/go/1a5b9ca4_nohash_1.wav,go
DataSet/go/4e6902d0_nohash_4.wav,go
DataSet/go/0eb48e10_nohash_1.wav,go
DataSet/go/2bd2cad5_nohash_0.wav,go
DataSet/go/0c40e715_nohash_0.wav,go
DataSet/go/2cf28b70_nohash_0.wav,go
DataSet/go/3c4aa5ef_nohash_2.wav,go
DataSet/go/1b18600d_nohash_0.wav,go
DataSet/go/0d2bcf9d_nohash_0.wav,go
DataSet/go/02ade946_nohash_2.wav,go
DataSet/go/3bfd30e6_nohash_4.wav,go
DataSet/go/1e9b215e_nohash_0.wav,go
DataSet/go/4ec7d027_nohash_1.wav,go
DataSet/go/2ce7534c_nohash_0.wav,go
DataSet/go/1ba20be2_nohash_1.wav,go
DataSet/go/4a1e736b_nohash_1.wav,go
DataSet/go/3a3ee7ed_nohash_1.wav,go
DataSet/go/1cc80e39_nohash_2.wav,go
DataSet/go/0eb48e10_nohash_0.wav,go
DataSet/go/4e02d62d_nohash_1.wav,go
DataSet/go/0c09f202_nohash_1.wav,go
DataSet/go/2fcb6397_nohash_3.wav,go
DataSet/go/3aa6f4e2_nohash_0.wav,go
DataSet/go/1c6e5447_nohash_1.wav,go
DataSet/go/0d90d8e1_nohash_0.wav,go
DataSet/go/1e9e6bdd_nohash_2.wav,go
DataSet/go/0d82fd99_nohash_0.wav,go
DataSet/go/0cb74144_nohash_4.wav,go
DataSet/go/0ff728b5_nohash_1.wav,go
DataSet/go/1c84a139_nohash_0.wav,go
DataSet/go/2e75d37a_nohash_2.wav,go
DataSet/go/1a994c9f_nohash_2.wav,go
DataSet/go/1a6eca98_nohash_0.wav,go
DataSet/go/3b195250_nohash_4.wav,go
DataSet/go/3b3d2f59_nohash_3.wav,go
DataSet/go/3e549219_nohash_2.wav,go
DataSet/go/2a89ad5c_nohash_0.wav,go
DataSet/go/0a2b400e_nohash_0.wav,go
DataSet/go/4c6167ca_nohash_2.wav,go
DataSet/go/4c6167ca_nohash_6.wav,go
DataSet/go/1ed0b13d_nohash_3.wav,go
DataSet/go/0b7ee1a0_nohash_1.wav,go
DataSet/go/0b77ee66_nohash_1.wav,go
DataSet/go/4c3cddb8_nohash_2.wav,go
DataSet/go/3d794813_nohash_4.wav,go
DataSet/go/1bb6ed89_nohash_0.wav,go
DataSet/go/3cc595de_nohash_2.wav,go
DataSet/go/3bc21161_nohash_1.wav,go
DataSet/go/3d53244b_nohash_3.wav,go
DataSet/go/1bb574f9_nohash_1.wav,go
DataSet/go/1e02ffc5_nohash_4.wav,go
DataSet/go/3d53244b_nohash_2.wav,go
DataSet/go/1acc97de_nohash_2.wav,go
DataSet/go/3eb8764c_nohash_0.wav,go
DataSet/go/1e9b215e_nohash_4.wav,go
DataSet/go/0a9f9af7_nohash_0.wav,go
DataSet/go/3a929277_nohash_4.wav,go
DataSet/go/2a1f4853_nohash_0.wav,go
DataSet/go/00f0204f_nohash_1.wav,go
DataSet/go/2fee065a_nohash_0.wav,go
DataSet/go/1c84a139_nohash_3.wav,go
DataSet/go/2aec99ec_nohash_0.wav,go
DataSet/go/4fd1443e_nohash_1.wav,go
DataSet/go/3a69f765_nohash_0.wav,go
DataSet/go/3bdf05d3_nohash_1.wav,go
DataSet/go/4c6944d6_nohash_1.wav,go
DataSet/go/0ba018fc_nohash_3.wav,go
DataSet/go/2ce7534c_nohash_1.wav,go
DataSet/go/3d9200b9_nohash_0.wav,go
DataSet/go/1f3bece8_nohash_0.wav,go
DataSet/go/0a2b400e_nohash_4.wav,go
DataSet/go/0d53e045_nohash_1.wav,go
DataSet/go/4ec7d027_nohash_0.wav,go
DataSet/go/1b4c9b89_nohash_4.wav,go
DataSet/go/5a3712c9_nohash_0.wav,go
DataSet/go/3b853f44_nohash_0.wav,go
DataSet/go/3a182c98_nohash_0.wav,go
DataSet/go/5a5721f8_nohash_2.wav,go
DataSet/go/1e02ffc5_nohash_2.wav,go
DataSet/go/3a929277_nohash_1.wav,go
DataSet/marvin/c8db14a8_nohash_0.wav,marvin
DataSet/marvin/6071a214_nohash_2.wav,marvin
DataSet/marvin/d3d8fcd0_nohash_0.wav,marvin
DataSet/marvin/d98f6043_nohash_0.wav,marvin
DataSet/marvin/5aac2efa_nohash_0.wav,marvin
DataSet/marvin/80c45ed6_nohash_2.wav,marvin
DataSet/marvin/e48a80ed_nohash_0.wav,marvin
DataSet/marvin/adec6a94_nohash_2.wav,marvin
DataSet/marvin/4954abe8_nohash_1.wav,marvin
DataSet/marvin/b59fa113_nohash_0.wav,marvin
DataSet/marvin/e855b8f1_nohash_0.wav,marvin
DataSet/marvin/2df590cd_nohash_0.wav,marvin
DataSet/marvin/f297e878_nohash_1.wav,marvin
DataSet/marvin/6794a793_nohash_0.wav,marvin
DataSet/marvin/97101ef3_nohash_1.wav,marvin
DataSet/marvin/0135f3f2_nohash_0.wav,marvin
DataSet/marvin/e1469561_nohash_0.wav,marvin
DataSet/marvin/e7ebf59c_nohash_1.wav,marvin
DataSet/marvin/030ec18b_nohash_1.wav,marvin
DataSet/marvin/6f1ffef6_nohash_0.wav,marvin
DataSet/marvin/9886d8bf_nohash_0.wav,marvin
DataSet/marvin/3a789a0d_nohash_2.wav,marvin
DataSet/marvin/9a2e5b3c_nohash_0.wav,marvin
DataSet/marvin/5184ed3e_nohash_0.wav,marvin
DataSet/marvin/d53e25ba_nohash_0.wav,marvin
DataSet/marvin/ed07d5b7_nohash_0.wav,marvin
DataSet/marvin/30a09789_nohash_0.wav,marvin
DataSet/marvin/f9273a21_nohash_0.wav,marvin
DataSet/marvin/773e26f7_nohash_0.wav,marvin
DataSet/marvin/cc2f1a85_nohash_1.wav,marvin
DataSet/marvin/8ea22de7_nohash_1.wav,marvin
DataSet/marvin/0c2ca723_nohash_0.wav,marvin
DataSet/marvin/3d3ddaf8_nohash_0.wav,marvin
DataSet/marvin/89e59d18_nohash_1.wav,marvin
DataSet/marvin/1887fe04_nohash_0.wav,marvin
DataSet/marvin/00176480_nohash_1.wav,marvin
DataSet/marvin/837f7378_nohash_0.wav,marvin
DataSet/marvin/c885a039_nohash_1.wav,marvin
DataSet/marvin/c7aa72e6_nohash_0.wav,marvin
DataSet/marvin/df6bd83f_nohash_1.wav,marvin
DataSet/marvin/3411cf4b_nohash_1.wav,marvin
DataSet/marvin/8281a2a8_nohash_0.wav,marvin
DataSet/marvin/b52bd596_nohash_0.wav,marvin
DataSet/marvin/8ff44869_nohash_0.wav,marvin
DataSet/marvin/64e48f55_nohash_0.wav,marvin
DataSet/marvin/2d327bc8_nohash_0.wav,marvin
DataSet/marvin/1625acd8_nohash_1.wav,marvin
DataSet/marvin/24ad3ebe_nohash_3.wav,marvin
DataSet/marvin/8601f33b_nohash_1.wav,marvin
DataSet/marvin/9d050657_nohash_0.wav,marvin
DataSet/marvin/adec6a94_nohash_0.wav,marvin
DataSet/marvin/3b8406c0_nohash_1.wav,marvin
DataSet/marvin/815f0f03_nohash_0.wav,marvin
DataSet/marvin/542f38a2_nohash_0.wav,marvin
DataSet/marvin/2313e093_nohash_0.wav,marvin
DataSet/marvin/d0ce2418_nohash_0.wav,marvin
DataSet/marvin/93f30cc4_nohash_1.wav,marvin
DataSet/marvin/8fe52b97_nohash_1.wav,marvin
DataSet/marvin/43f57297_nohash_0.wav,marvin
DataSet/marvin/6a203e0e_nohash_0.wav,marvin
DataSet/marvin/364f979f_nohash_1.wav,marvin
DataSet/marvin/cdbd6969_nohash_0.wav,marvin
DataSet/marvin/cae62f38_nohash_2.wav,marvin
DataSet/marvin/8e05039f_nohash_0.wav,marvin
DataSet/marvin/95218ce8_nohash_0.wav,marvin
DataSet/marvin/de08912f_nohash_0.wav,marvin
DataSet/marvin/be7fa0a3_nohash_0.wav,marvin
DataSet/marvin/460f2bad_nohash_1.wav,marvin
DataSet/marvin/51eefcc6_nohash_0.wav,marvin
DataSet/marvin/3e3fa7fd_nohash_0.wav,marvin
DataSet/marvin/3cdecb0b_nohash_1.wav,marvin
DataSet/marvin/c137814b_nohash_1.wav,marvin
DataSet/marvin/ca4912b6_nohash_0.wav,marvin
DataSet/marvin/eb3d8eb1_nohash_0.wav,marvin
DataSet/marvin/471a0925_nohash_0.wav,marvin
DataSet/marvin/99081f4d_nohash_0.wav,marvin
DataSet/marvin/b544d4fd_nohash_0.wav,marvin
DataSet/marvin/edc53350_nohash_0.wav,marvin
DataSet/marvin/d0ce2418_nohash_1.wav,marvin
DataSet/marvin/6e916de8_nohash_0.wav,marvin
DataSet/marvin/ef77b778_nohash_0.wav,marvin
DataSet/marvin/f4cae173_nohash_2.wav,marvin
DataSet/marvin/facd97c0_nohash_0.wav,marvin
DataSet/marvin/a2fefcb4_nohash_2.wav,marvin
DataSet/marvin/f6581345_nohash_0.wav,marvin
DataSet/marvin/1f653d27_nohash_0.wav,marvin
DataSet/marvin/dedc7fab_nohash_1.wav,marvin
DataSet/marvin/99e6cab8_nohash_1.wav,marvin
DataSet/marvin/4954abe8_nohash_2.wav,marvin
DataSet/marvin/f822b9bf_nohash_0.wav,marvin
DataSet/marvin/1c6e5447_nohash_0.wav,marvin
DataSet/marvin/6c968bd9_nohash_0.wav,marvin
DataSet/marvin/102192fd_nohash_0.wav,marvin
DataSet/marvin/ed07d5b7_nohash_1.wav,marvin
DataSet/marvin/c5570933_nohash_1.wav,marvin
DataSet/marvin/042186b8_nohash_0.wav,marvin
DataSet/marvin/2250f5f2_nohash_1.wav,marvin
DataSet/marvin/2b42e7a2_nohash_1.wav,marvin
DataSet/marvin/c6ee87a7_nohash_0.wav,marvin
DataSet/marvin/02ade946_nohash_0.wav,marvin
DataSet/marvin/b843de62_nohash_0.wav,marvin
DataSet/marvin/18c54a68_nohash_0.wav,marvin
DataSet/marvin/3aa6f4e2_nohash_1.wav,marvin
DataSet/marvin/01b4757a_nohash_0.wav,marvin
DataSet/marvin/89ed36ab_nohash_0.wav,marvin
DataSet/marvin/953fe1ad_nohash_0.wav,marvin
DataSet/marvin/72e382bd_nohash_0.wav,marvin
DataSet/marvin/47d01978_nohash_0.wav,marvin
DataSet/marvin/92e17cc4_nohash_0.wav,marvin
DataSet/marvin/62ef962d_nohash_0.wav,marvin
DataSet/marvin/da7689f1_nohash_0.wav,marvin
DataSet/marvin/e76dd1ce_nohash_0.wav,marvin
DataSet/marvin/a957fef5_nohash_0.wav,marvin
DataSet/marvin/c205e625_nohash_2.wav,marvin
DataSet/marvin/571c044e_nohash_0.wav,marvin
DataSet/marvin/a97017df_nohash_0.wav,marvin
DataSet/marvin/dabf67d9_nohash_2.wav,marvin
DataSet/marvin/4c6944d6_nohash_1.wav,marvin
DataSet/marvin/e0611c84_nohash_1.wav,marvin
DataSet/marvin/4c6167ca_nohash_1.wav,marvin
DataSet/marvin/a243fcc2_nohash_0.wav,marvin
DataSet/marvin/41dce6f5_nohash_1.wav,marvin
DataSet/marvin/69953f48_nohash_0.wav,marvin
DataSet/marvin/616420be_nohash_0.wav,marvin
DataSet/marvin/df280250_nohash_0.wav,marvin
DataSet/marvin/b2fbe484_nohash_1.wav,marvin
DataSet/marvin/c44d2a58_nohash_0.wav,marvin
DataSet/marvin/d78858d9_nohash_2.wav,marvin
DataSet/marvin/f618568f_nohash_2.wav,marvin
DataSet/marvin/c4533c47_nohash_0.wav,marvin
DataSet/marvin/6f689791_nohash_0.wav,marvin
DataSet/marvin/64f83f0e_nohash_0.wav,marvin
DataSet/marvin/dc7ec25b_nohash_1.wav,marvin
DataSet/marvin/67961766_nohash_1.wav,marvin
DataSet/marvin/1b835b87_nohash_1.wav,marvin
DataSet/marvin/c39703ec_nohash_0.wav,marvin
DataSet/marvin/1528225c_nohash_0.wav,marvin
DataSet/marvin/7846fd85_nohash_0.wav,marvin
DataSet/marvin/2cec1d47_nohash_0.wav,marvin
DataSet/marvin/61482e52_nohash_0.wav,marvin
DataSet/marvin/b959cd0c_nohash_0.wav,marvin
DataSet/marvin/1e31353f_nohash_0.wav,marvin
DataSet/marvin/5a3712c9_nohash_0.wav,marvin
DataSet/marvin/7799c9cd_nohash_0.wav,marvin
DataSet/marvin/97f4c236_nohash_0.wav,marvin
DataSet/marvin/ffd2ba2f_nohash_0.wav,marvin
DataSet/marvin/90e72357_nohash_0.wav,marvin
DataSet/marvin/b4ea0d9a_nohash_0.wav,marvin
DataSet/marvin/ce49cb60_nohash_0.wav,marvin
DataSet/marvin/e62056e2_nohash_1.wav,marvin
DataSet/marvin/1cc80e39_nohash_0.wav,marvin
DataSet/marvin/d94eb94f_nohash_0.wav,marvin
DataSet/marvin/e4a2cf79_nohash_2.wav,marvin
DataSet/marvin/f5626af6_nohash_0.wav,marvin
DataSet/marvin/82e7204d_nohash_1.wav,marvin
DataSet/marvin/ef2a3cfb_nohash_0.wav,marvin
DataSet/marvin/6c9223bd_nohash_2.wav,marvin
DataSet/marvin/acfd5b5e_nohash_0.wav,marvin
DataSet/marvin/87c62767_nohash_0.wav,marvin
DataSet/marvin/190821dc_nohash_0.wav,marvin
DataSet/marvin/1995cf9e_nohash_0.wav,marvin
DataSet/marvin/1c6e5447_nohash_1.wav,marvin
DataSet/marvin/541120c7_nohash_0.wav,marvin
DataSet/marvin/b36c27c2_nohash_0.wav,marvin
DataSet/marvin/93f30cc4_nohash_2.wav,marvin
DataSet/marvin/02e85b60_nohash_1.wav,marvin
DataSet/marvin/475b61f1_nohash_0.wav,marvin
DataSet/marvin/211ccd2e_nohash_1.wav,marvin
DataSet/marvin/d84829e0_nohash_0.wav,marvin
DataSet/marvin/708b8d51_nohash_1.wav,marvin
DataSet/marvin/c7e02d9c_nohash_0.wav,marvin
DataSet/marvin/7014b07e_nohash_1.wav,marvin
DataSet/marvin/e48a80ed_nohash_1.wav,marvin
DataSet/marvin/6379c6a2_nohash_0.wav,marvin
DataSet/marvin/adc216c5_nohash_1.wav,marvin
DataSet/marvin/3477fab6_nohash_0.wav,marvin
DataSet/marvin/2d3c8dcb_nohash_0.wav,marvin
DataSet/marvin/a434d52e_nohash_0.wav,marvin
DataSet/marvin/a5d1becc_nohash_0.wav,marvin
DataSet/marvin/e57abea3_nohash_0.wav,marvin
DataSet/marvin/a73be046_nohash_0.wav,marvin
DataSet/marvin/833d9f56_nohash_0.wav,marvin
DataSet/marvin/12623a81_nohash_0.wav,marvin
DataSet/marvin/199da2bf_nohash_0.wav,marvin
DataSet/marvin/62605293_nohash_1.wav,marvin
DataSet/marvin/bc196f81_nohash_1.wav,marvin
DataSet/marvin/2aca1e72_nohash_0.wav,marvin
DataSet/marvin/6a1908f8_nohash_0.wav,marvin
DataSet/marvin/b0bad4a9_nohash_0.wav,marvin
DataSet/marvin/617de221_nohash_0.wav,marvin
DataSet/marvin/66aa0f29_nohash_0.wav,marvin
DataSet/marvin/823353e5_nohash_1.wav,marvin
DataSet/marvin/9a69672b_nohash_0.wav,marvin
DataSet/marvin/a108341b_nohash_0.wav,marvin
DataSet/marvin/c22ebf46_nohash_0.wav,marvin
DataSet/marvin/f21893dc_nohash_0.wav,marvin
DataSet/marvin/afabfa0e_nohash_0.wav,marvin
DataSet/marvin/7c86c03e_nohash_0.wav,marvin
DataSet/marvin/19b05529_nohash_0.wav,marvin
DataSet/marvin/9d050657_nohash_1.wav,marvin
DataSet/marvin/257251e0_nohash_0.wav,marvin
DataSet/marvin/03c96658_nohash_0.wav,marvin
DataSet/marvin/f816db77_nohash_0.wav,marvin
DataSet/marvin/dc2222d7_nohash_0.wav,marvin
DataSet/marvin/1afd49bf_nohash_0.wav,marvin
DataSet/marvin/cee22275_nohash_0.wav,marvin
DataSet/marvin/f68160c0_nohash_0.wav,marvin
DataSet/marvin/e7334395_nohash_1.wav,marvin
DataSet/marvin/dcbfe008_nohash_0.wav,marvin
DataSet/marvin/3b8406c0_nohash_0.wav,marvin
DataSet/marvin/7cf14c54_nohash_0.wav,marvin
DataSet/marvin/325a0c39_nohash_2.wav,marvin
DataSet/marvin/508e30ee_nohash_0.wav,marvin
DataSet/marvin/d0426d63_nohash_1.wav,marvin
DataSet/marvin/6b81fead_nohash_0.wav,marvin
DataSet/marvin/dce05676_nohash_0.wav,marvin
DataSet/marvin/28e47b1a_nohash_0.wav,marvin
DataSet/marvin/d78858d9_nohash_0.wav,marvin
DataSet/marvin/c6a23ff5_nohash_0.wav,marvin
DataSet/marvin/17cc40ee_nohash_2.wav,marvin
DataSet/marvin/5e033479_nohash_0.wav,marvin
DataSet/marvin/815f0f03_nohash_2.wav,marvin
DataSet/marvin/41777abb_nohash_0.wav,marvin
DataSet/marvin/8e523821_nohash_0.wav,marvin
DataSet/marvin/b49caed3_nohash_0.wav,marvin
DataSet/marvin/a4baac4e_nohash_0.wav,marvin
DataSet/marvin/dabf67d9_nohash_1.wav,marvin
DataSet/marvin/37a3cd33_nohash_1.wav,marvin
DataSet/marvin/91b03183_nohash_0.wav,marvin
DataSet/marvin/66a412a7_nohash_1.wav,marvin
DataSet/marvin/97ae8b25_nohash_0.wav,marvin
DataSet/marvin/dd664d92_nohash_0.wav,marvin
DataSet/marvin/85ac0c1b_nohash_0.wav,marvin
DataSet/marvin/8a744054_nohash_0.wav,marvin
DataSet/marvin/763188c4_nohash_0.wav,marvin
DataSet/marvin/093f65a1_nohash_1.wav,marvin
DataSet/marvin/3bc21161_nohash_0.wav,marvin
DataSet/marvin/327289eb_nohash_0.wav,marvin
DataSet/marvin/590750e8_nohash_0.wav,marvin
DataSet/marvin/d0858dce_nohash_0.wav,marvin
DataSet/marvin/81332c92_nohash_0.wav,marvin
DataSet/marvin/6ef407da_nohash_0.wav,marvin
DataSet/marvin/d84829e0_nohash_2.wav,marvin
DataSet/marvin/3da7f617_nohash_0.wav,marvin
DataSet/marvin/b6e6aa2e_nohash_0.wav,marvin
DataSet/marvin/74551073_nohash_0.wav,marvin
DataSet/marvin/8fce59ff_nohash_0.wav,marvin
DataSet/marvin/708a9569_nohash_0.wav,marvin
DataSet/marvin/7c9b43f0_nohash_0.wav,marvin
DataSet/marvin/2197f41c_nohash_0.wav,marvin
DataSet/_background_noise_/running_tap.wav,_background_noise_
DataSet/_background_noise_/exercise_bike.wav,_background_noise_
DataSet/_background_noise_/white_noise.wav,_background_noise_
DataSet/_background_noise_/doing_the_dishes.wav,_background_noise_
DataSet/_background_noise_/dude_miaowing.wav,_background_noise_
DataSet/_background_noise_/pink_noise.wav,_background_noise_
